id,name,base_experience,height,weight,order,type_1,type_2,hp,attack,defense,special_attack,special_defense,speed,ability_1,ability_2,hidden_ability,move_1,move_2,move_3,move_4,move_5,sprite_default,sprite_shiny,sprite_artwork,color,generation,habitat,shape,is_legendary,is_mythical,capture_rate,base_happiness,growth_rate,egg_groups,evolution_chain,encounter_locations
1,bulbasaur,64,7,69,1,grass,poison,45,49,49,65,65,45,overgrow,,chlorophyll,razor-wind,swords-dance,cut,bind,vine-whip,https://raw.githubusercontent.com/PokeAPI/sprites/master/sprites/pokemon/1.png,https://raw.githubusercontent.com/PokeAPI/sprites/master/sprites/pokemon/shiny/1.png,https://raw.githubusercontent.com/PokeAPI/sprites/master/sprites/pokemon/other/official-artwork/1.png,green,generation-i,grassland,quadruped,0,0,45,70,medium-slow,"monster, plant",bulbasaur -> ivysaur -> venusaur,"alola-route-2-main, cerulean-city-area, lumiose-city-area, pallet-town-area"
2,ivysaur,142,10,130,2,grass,poison,60,62,63,80,80,60,overgrow,,chlorophyll,swords-dance,cut,bind,vine-whip,headbutt,https://raw.githubusercontent.com/PokeAPI/sprites/master/sprites/pokemon/2.png,https://raw.githubusercontent.com/PokeAPI/sprites/master/sprites/pokemon/shiny/2.png,https://raw.githubusercontent.com/PokeAPI/sprites/master/sprites/pokemon/other/official-artwork/2.png,green,generation-i,grassland,quadruped,0,0,45,70,medium-slow,"monster, plant",bulbasaur -> ivysaur -> venusaur,
3,venusaur,236,20,1000,3,grass,poison,80,82,83,100,100,80,overgrow,,chlorophyll,swords-dance,cut,bind,vine-whip,headbutt,https://raw.githubusercontent.com/PokeAPI/sprites/master/sprites/pokemon/3.png,https://raw.githubusercontent.com/PokeAPI/sprites/master/sprites/pokemon/shiny/3.png,https://raw.githubusercontent.com/PokeAPI/sprites/master/sprites/pokemon/other/official-artwork/3.png,green,generation-i,grassland,quadruped,0,0,45,70,medium-slow,"monster, plant",bulbasaur -> ivysaur -> venusaur,
4,charmander,62,6,85,5,fire,,39,52,43,60,50,65,blaze,,solar-power,mega-punch,fire-punch,thunder-punch,scratch,swords-dance,https://raw.githubusercontent.com/PokeAPI/sprites/master/sprites/pokemon/4.png,https://raw.githubusercontent.com/PokeAPI/sprites/master/sprites/pokemon/shiny/4.png,https://raw.githubusercontent.com/PokeAPI/sprites/master/sprites/pokemon/other/official-artwork/4.png,red,generation-i,mountain,upright,0,0,45,70,medium-slow,"monster, dragon",charmander -> charmeleon -> charizard,"alola-route-3-main, kanto-route-24-area, lumiose-city-area, pallet-town-area"
5,charmeleon,142,11,190,6,fire,,58,64,58,80,65,80,blaze,,solar-power,mega-punch,fire-punch,thunder-punch,scratch,swords-dance,https://raw.githubusercontent.com/PokeAPI/sprites/master/sprites/pokemon/5.png,https://raw.githubusercontent.com/PokeAPI/sprites/master/sprites/pokemon/shiny/5.png,https://raw.githubusercontent.com/PokeAPI/sprites/master/sprites/pokemon/other/official-artwork/5.png,red,generation-i,mountain,upright,0,0,45,70,medium-slow,"monster, dragon",charmander -> charmeleon -> charizard,
6,charizard,240,17,905,7,fire,flying,78,84,78,109,85,100,blaze,,solar-power,mega-punch,fire-punch,thunder-punch,scratch,swords-dance,https://raw.githubusercontent.com/PokeAPI/sprites/master/sprites/pokemon/6.png,https://raw.githubusercontent.com/PokeAPI/sprites/master/sprites/pokemon/shiny/6.png,https://raw.githubusercontent.com/PokeAPI/sprites/master/sprites/pokemon/other/official-artwork/6.png,red,generation-i,mountain,upright,0,0,45,70,medium-slow,"monster, dragon",charmander -> charmeleon -> charizard,
7,squirtle,63,5,90,10,water,,44,48,65,50,64,43,torrent,,rain-dish,mega-punch,ice-punch,mega-kick,headbutt,tackle,https://raw.githubusercontent.com/PokeAPI/sprites/master/sprites/pokemon/7.png,https://raw.githubusercontent.com/PokeAPI/sprites/master/sprites/pokemon/shiny/7.png,https://raw.githubusercontent.com/PokeAPI/sprites/master/sprites/pokemon/other/official-artwork/7.png,blue,generation-i,waters-edge,upright,0,0,45,70,medium-slow,"monster, water1",squirtle -> wartortle -> blastoise,"lumiose-city-area, pallet-town-area, seaward-cave-area, vermilion-city-area"
8,wartortle,142,10,225,11,water,,59,63,80,65,80,58,torrent,,rain-dish,mega-punch,ice-punch,mega-kick,headbutt,tackle,https://raw.githubusercontent.com/PokeAPI/sprites/master/sprites/pokemon/8.png,https://raw.githubusercontent.com/PokeAPI/sprites/master/sprites/pokemon/shiny/8.png,https://raw.githubusercontent.com/PokeAPI/sprites/master/sprites/pokemon/other/official-artwork/8.png,blue,generation-i,waters-edge,upright,0,0,45,70,medium-slow,"monster, water1",squirtle -> wartortle -> blastoise,
9,blastoise,239,16,855,12,water,,79,83,100,85,105,78,torrent,,rain-dish,mega-punch,ice-punch,mega-kick,headbutt,tackle,https://raw.githubusercontent.com/PokeAPI/sprites/master/sprites/pokemon/9.png,https://raw.githubusercontent.com/PokeAPI/sprites/master/sprites/pokemon/shiny/9.png,https://raw.githubusercontent.com/PokeAPI/sprites/master/sprites/pokemon/other/official-artwork/9.png,blue,generation-i,waters-edge,upright,0,0,45,70,medium-slow,"monster, water1",squirtle -> wartortle -> blastoise,
10,caterpie,39,3,29,14,bug,,45,30,35,20,20,45,shield-dust,,run-away,tackle,string-shot,snore,bug-bite,electroweb,https://raw.githubusercontent.com/PokeAPI/sprites/master/sprites/pokemon/10.png,https://raw.githubusercontent.com/PokeAPI/sprites/master/sprites/pokemon/shiny/10.png,https://raw.githubusercontent.com/PokeAPI/sprites/master/sprites/pokemon/other/official-artwork/10.png,green,generation-i,forest,armor,0,0,255,70,medium,bug,caterpie -> metapod -> butterfree,"alola-route-1-east, alola-route-1-south, alola-route-1-west, alola-route-5-area, azalea-town-area, eterna-forest-area, ilex-forest-area, johto-route-30-area, johto-route-31-area, johto-route-34-area"
11,metapod,72,7,99,15,bug,,50,20,55,25,25,30,shed-skin,,,string-shot,harden,iron-defense,bug-bite,electroweb,https://raw.githubusercontent.com/PokeAPI/sprites/master/sprites/pokemon/11.png,https://raw.githubusercontent.com/PokeAPI/sprites/master/sprites/pokemon/shiny/11.png,https://raw.githubusercontent.com/PokeAPI/sprites/master/sprites/pokemon/other/official-artwork/11.png,green,generation-i,forest,squiggle,0,0,120,70,medium,bug,caterpie -> metapod -> butterfree,"alola-route-1-south, alola-route-1-west, alola-route-5-area, azalea-town-area, eterna-forest-area, ilex-forest-area, johto-route-30-area, johto-route-31-area, johto-route-34-area, johto-route-35-area"
12,butterfree,178,11,320,16,bug,flying,60,45,50,90,80,70,compound-eyes,,tinted-lens,razor-wind,gust,whirlwind,headbutt,tackle,https://raw.githubusercontent.com/PokeAPI/sprites/master/sprites/pokemon/12.png,https://raw.githubusercontent.com/PokeAPI/sprites/master/sprites/pokemon/shiny/12.png,https://raw.githubusercontent.com/PokeAPI/sprites/master/sprites/pokemon/other/official-artwork/12.png,white,generation-i,forest,bug-wings,0,0,45,70,medium,bug,caterpie -> metapod -> butterfree,"alola-route-5-area, azalea-town-area, ilex-forest-area, johto-route-34-area, johto-route-35-area, johto-route-36-area, johto-route-37-area, johto-route-38-area, johto-route-39-area, kanto-route-2-north-towards-pewter-city"
13,weedle,39,3,32,17,bug,poison,40,35,30,20,20,50,shield-dust,,run-away,poison-sting,string-shot,bug-bite,electroweb,,https://raw.githubusercontent.com/PokeAPI/sprites/master/sprites/pokemon/13.png,https://raw.githubusercontent.com/PokeAPI/sprites/master/sprites/pokemon/shiny/13.png,https://raw.githubusercontent.com/PokeAPI/sprites/master/sprites/pokemon/other/official-artwork/13.png,brown,generation-i,forest,armor,0,0,255,70,medium,bug,weedle -> kakuna -> beedrill,"azalea-town-area, eterna-forest-area, ilex-forest-area, johto-route-30-area, johto-route-31-area, johto-route-34-area, johto-route-35-area, johto-route-36-area, johto-route-37-area, johto-route-38-area"
14,kakuna,72,6,100,18,bug,poison,45,25,50,25,25,35,shed-skin,,,string-shot,harden,iron-defense,bug-bite,electroweb,https://raw.githubusercontent.com/PokeAPI/sprites/master/sprites/pokemon/14.png,https://raw.githubusercontent.com/PokeAPI/sprites/master/sprites/pokemon/shiny/14.png,https://raw.githubusercontent.com/PokeAPI/sprites/master/sprites/pokemon/other/official-artwork/14.png,yellow,generation-i,forest,squiggle,0,0,120,70,medium,bug,weedle -> kakuna -> beedrill,"azalea-town-area, eterna-forest-area, ilex-forest-area, johto-route-30-area, johto-route-31-area, johto-route-34-area, johto-route-35-area, johto-route-36-area, johto-route-37-area, johto-route-38-area"
15,beedrill,178,10,295,19,bug,poison,65,90,40,45,80,75,swarm,,sniper,swords-dance,cut,headbutt,fury-attack,take-down,https://raw.githubusercontent.com/PokeAPI/sprites/master/sprites/pokemon/15.png,https://raw.githubusercontent.com/PokeAPI/sprites/master/sprites/pokemon/shiny/15.png,https://raw.githubusercontent.com/PokeAPI/sprites/master/sprites/pokemon/other/official-artwork/15.png,yellow,generation-i,forest,bug-wings,0,0,45,70,medium,bug,weedle -> kakuna -> beedrill,"alola-route-4-area, azalea-town-area, ilex-forest-area, johto-route-34-area, johto-route-35-area, johto-route-36-area, johto-route-37-area, johto-route-38-area, johto-route-39-area, kanto-route-2-north-towards-pewter-city"
16,pidgey,50,3,18,21,normal,flying,40,45,40,35,35,56,keen-eye,tangled-feet,big-pecks,razor-wind,gust,wing-attack,whirlwind,fly,https://raw.githubusercontent.com/PokeAPI/sprites/master/sprites/pokemon/16.png,https://raw.githubusercontent.com/PokeAPI/sprites/master/sprites/pokemon/shiny/16.png,https://raw.githubusercontent.com/PokeAPI/sprites/master/sprites/pokemon/other/official-artwork/16.png,brown,generation-i,forest,wings,0,0,255,70,medium-slow,flying,pidgey -> pidgeotto -> pidgeot,"berry-forest-area, bond-bridge-area, five-isle-meadow-area, ilex-forest-area, johto-route-29-area, johto-route-30-area, johto-route-31-area, johto-route-32-area, johto-route-34-area, johto-route-35-area"
17,pidgeotto,122,11,300,22,normal,flying,63,60,55,50,50,71,keen-eye,tangled-feet,big-pecks,razor-wind,gust,wing-attack,whirlwind,fly,https://raw.githubusercontent.com/PokeAPI/sprites/master/sprites/pokemon/17.png,https://raw.githubusercontent.com/PokeAPI/sprites/master/sprites/pokemon/shiny/17.png,https://raw.githubusercontent.com/PokeAPI/sprites/master/sprites/pokemon/other/official-artwork/17.png,brown,generation-i,forest,wings,0,0,120,70,medium-slow,flying,pidgey -> pidgeotto -> pidgeot,"berry-forest-area, bond-bridge-area, five-isle-meadow-area, johto-route-37-area, johto-route-38-area, johto-route-39-area, johto-route-43-area, johto-safari-zone-zone-mountain, johto-safari-zone-zone-plains, kanto-route-11-area"
18,pidgeot,216,15,395,23,normal,flying,83,80,75,70,70,101,keen-eye,tangled-feet,big-pecks,razor-wind,gust,wing-attack,whirlwind,fly,https://raw.githubusercontent.com/PokeAPI/sprites/master/sprites/pokemon/18.png,https://raw.githubusercontent.com/PokeAPI/sprites/master/sprites/pokemon/shiny/18.png,https://raw.githubusercontent.com/PokeAPI/sprites/master/sprites/pokemon/other/official-artwork/18.png,brown,generation-i,forest,wings,0,0,45,70,medium-slow,flying,pidgey -> pidgeotto -> pidgeot,alola-route-10-area
19,rattata,51,3,35,25,normal,,30,56,35,25,35,72,run-away,guts,hustle,cut,headbutt,tackle,body-slam,take-down,https://raw.githubusercontent.com/PokeAPI/sprites/master/sprites/pokemon/19.png,https://raw.githubusercontent.com/PokeAPI/sprites/master/sprites/pokemon/shiny/19.png,https://raw.githubusercontent.com/PokeAPI/sprites/master/sprites/pokemon/other/official-artwork/19.png,purple,generation-i,grassland,quadruped,0,0,255,70,medium,ground,rattata -> raticate,"alola-route-1-south, bell-tower-10f, bell-tower-2f, bell-tower-3f, bell-tower-4f, bell-tower-5f, bell-tower-6f, bell-tower-7f, bell-tower-8f, bell-tower-9f"
20,raticate,145,7,185,27,normal,,55,81,60,50,70,97,run-away,guts,hustle,swords-dance,cut,headbutt,tackle,body-slam,https://raw.githubusercontent.com/PokeAPI/sprites/master/sprites/pokemon/20.png,https://raw.githubusercontent.com/PokeAPI/sprites/master/sprites/pokemon/shiny/20.png,https://raw.githubusercontent.com/PokeAPI/sprites/master/sprites/pokemon/other/official-artwork/20.png,brown,generation-i,grassland,quadruped,0,0,127,70,medium,ground,rattata -> raticate,"burned-tower-1f, dreamyard-area, dreamyard-b1f, heahea-beach-area, johto-route-38-area, johto-route-39-area, johto-route-42-area, johto-route-43-area, johto-route-47-area, johto-safari-zone-zone-mountain"
21,spearow,52,3,20,30,normal,flying,40,60,30,31,31,70,keen-eye,,sniper,razor-wind,wing-attack,whirlwind,fly,headbutt,https://raw.githubusercontent.com/PokeAPI/sprites/master/sprites/pokemon/21.png,https://raw.githubusercontent.com/PokeAPI/sprites/master/sprites/pokemon/shiny/21.png,https://raw.githubusercontent.com/PokeAPI/sprites/master/sprites/pokemon/other/official-artwork/21.png,brown,generation-i,rough-terrain,wings,0,0,255,70,medium,flying,spearow -> fearow,"alola-route-2-north, alola-route-3-north, alola-route-3-south, azalea-town-area, canyon-entrance-area, cape-brink-area, goldenrod-city-north-gate, johto-route-29-area, johto-route-30-area, johto-route-31-area"
22,fearow,155,12,380,31,normal,flying,65,90,65,61,61,100,keen-eye,,sniper,razor-wind,wing-attack,whirlwind,fly,headbutt,https://raw.githubusercontent.com/PokeAPI/sprites/master/sprites/pokemon/22.png,https://raw.githubusercontent.com/PokeAPI/sprites/master/sprites/pokemon/shiny/22.png,https://raw.githubusercontent.com/PokeAPI/sprites/master/sprites/pokemon/other/official-artwork/22.png,brown,generation-i,rough-terrain,wings,0,0,90,70,medium,flying,spearow -> fearow,"alola-route-10-area, alola-route-17-northeast, alola-route-17-west, canyon-entrance-area, cape-brink-area, johto-route-42-area, johto-route-47-area, johto-route-48-area, johto-safari-zone-zone-desert, johto-safari-zone-zone-wasteland"
23,ekans,58,20,69,32,poison,,35,60,44,40,54,55,intimidate,shed-skin,unnerve,bind,slam,headbutt,body-slam,wrap,https://raw.githubusercontent.com/PokeAPI/sprites/master/sprites/pokemon/23.png,https://raw.githubusercontent.com/PokeAPI/sprites/master/sprites/pokemon/shiny/23.png,https://raw.githubusercontent.com/PokeAPI/sprites/master/sprites/pokemon/other/official-artwork/23.png,purple,generation-i,grassland,squiggle,0,0,255,70,medium,"ground, dragon",ekans -> arbok,"alola-route-2-north, alola-route-2-south, azalea-town-area, johto-route-32-area, johto-route-33-area, johto-route-42-area, johto-safari-zone-zone-marshland, kanto-route-10-area, kanto-route-11-area, kanto-route-23-area"
24,arbok,157,35,650,33,poison,,60,95,69,65,79,80,intimidate,shed-skin,unnerve,bind,slam,headbutt,body-slam,wrap,https://raw.githubusercontent.com/PokeAPI/sprites/master/sprites/pokemon/24.png,https://raw.githubusercontent.com/PokeAPI/sprites/master/sprites/pokemon/shiny/24.png,https://raw.githubusercontent.com/PokeAPI/sprites/master/sprites/pokemon/other/official-artwork/24.png,purple,generation-i,grassland,squiggle,0,0,90,70,medium,"ground, dragon",ekans -> arbok,"alola-route-8-main, cerulean-cave-1f, cerulean-cave-b1f, great-marsh-area-1, great-marsh-area-2, great-marsh-area-3, great-marsh-area-4, great-marsh-area-5, great-marsh-area-6, johto-route-42-area"
25,pikachu,112,4,60,35,electric,,35,55,40,50,50,90,static,,lightning-rod,mega-punch,pay-day,thunder-punch,slam,double-kick,https://raw.githubusercontent.com/PokeAPI/sprites/master/sprites/pokemon/25.png,https://raw.githubusercontent.com/PokeAPI/sprites/master/sprites/pokemon/shiny/25.png,https://raw.githubusercontent.com/PokeAPI/sprites/master/sprites/pokemon/other/official-artwork/25.png,yellow,generation-i,forest,quadruped,0,0,190,70,medium,"ground, fairy",pichu -> pikachu -> raichu,"alola-route-1-east, alola-route-1-west, fallarbor-town-contest-hall, hauoli-city-shopping-district, heahea-city-surf-association, hoenn-safari-zone-se, hoenn-safari-zone-sw, kalos-route-3-area, kanto-route-2-south-towards-viridian-city, lilycove-city-contest-hall"
26,raichu,218,8,300,51,electric,,60,90,55,90,80,110,static,,lightning-rod,mega-punch,pay-day,thunder-punch,slam,mega-kick,https://raw.githubusercontent.com/PokeAPI/sprites/master/sprites/pokemon/26.png,https://raw.githubusercontent.com/PokeAPI/sprites/master/sprites/pokemon/shiny/26.png,https://raw.githubusercontent.com/PokeAPI/sprites/master/sprites/pokemon/other/official-artwork/26.png,yellow,generation-i,forest,upright,0,0,75,70,medium,"ground, fairy",pichu -> pikachu -> raichu,"cerulean-cave-1f, cerulean-cave-b1f, power-plant-area"
27,sandshrew,60,6,120,53,ground,,50,75,85,20,30,40,sand-veil,,sand-rush,scratch,swords-dance,cut,sand-attack,headbutt,https://raw.githubusercontent.com/PokeAPI/sprites/master/sprites/pokemon/27.png,https://raw.githubusercontent.com/PokeAPI/sprites/master/sprites/pokemon/shiny/27.png,https://raw.githubusercontent.com/PokeAPI/sprites/master/sprites/pokemon/other/official-artwork/27.png,yellow,generation-i,rough-terrain,upright,0,0,255,70,medium,ground,sandshrew -> sandslash,"desert-resort-area, desert-resort-entrance, hoenn-route-111-area, hoenn-route-113-area, johto-safari-zone-zone-desert, kanto-route-10-area, kanto-route-11-area, kanto-route-23-area, kanto-route-3-area, kanto-route-4-area"
28,sandslash,158,10,295,55,ground,,75,100,110,45,55,65,sand-veil,,sand-rush,scratch,swords-dance,cut,sand-attack,headbutt,https://raw.githubusercontent.com/PokeAPI/sprites/master/sprites/pokemon/28.png,https://raw.githubusercontent.com/PokeAPI/sprites/master/sprites/pokemon/shiny/28.png,https://raw.githubusercontent.com/PokeAPI/sprites/master/sprites/pokemon/other/official-artwork/28.png,yellow,generation-i,rough-terrain,upright,0,0,90,70,medium,ground,sandshrew -> sandslash,"cerulean-cave-1f, cerulean-cave-2f, cerulean-cave-b1f, johto-safari-zone-zone-desert, kalos-route-18-area, kanto-route-23-area, kanto-route-26-area, kanto-route-27-area, kanto-victory-road-1-1f, kanto-victory-road-1-2f"
29,nidoran-f,55,4,70,57,poison,,55,47,52,40,40,41,poison-point,rivalry,hustle,scratch,cut,double-kick,headbutt,tackle,https://raw.githubusercontent.com/PokeAPI/sprites/master/sprites/pokemon/29.png,https://raw.githubusercontent.com/PokeAPI/sprites/master/sprites/pokemon/shiny/29.png,https://raw.githubusercontent.com/PokeAPI/sprites/master/sprites/pokemon/other/official-artwork/29.png,blue,generation-i,grassland,quadruped,0,0,235,70,medium-slow,"monster, ground",nidoran-f -> nidorina -> nidoqueen,"johto-route-35-area, johto-route-36-area, johto-safari-zone-zone-savannah, kanto-route-10-area, kanto-route-2-south-towards-viridian-city, kanto-route-22-area, kanto-route-3-area, kanto-route-9-area, kanto-safari-zone-area-1-east, kanto-safari-zone-area-2-north"
30,nidorina,128,8,200,58,poison,,70,62,67,55,55,56,poison-point,rivalry,hustle,scratch,cut,double-kick,headbutt,horn-drill,https://raw.githubusercontent.com/PokeAPI/sprites/master/sprites/pokemon/30.png,https://raw.githubusercontent.com/PokeAPI/sprites/master/sprites/pokemon/shiny/30.png,https://raw.githubusercontent.com/PokeAPI/sprites/master/sprites/pokemon/other/official-artwork/30.png,blue,generation-i,grassland,quadruped,0,0,120,70,medium-slow,no-eggs,nidoran-f -> nidorina -> nidoqueen,"johto-safari-zone-zone-savannah, kalos-route-11-area, kanto-route-13-area, kanto-route-14-area, kanto-route-15-area, kanto-route-23-area, kanto-route-9-area, kanto-safari-zone-area-1-east, kanto-safari-zone-area-2-north, kanto-safari-zone-area-3-west"
31,nidoqueen,227,13,600,59,poison,ground,90,92,87,75,85,76,poison-point,rivalry,sheer-force,mega-punch,pay-day,fire-punch,ice-punch,thunder-punch,https://raw.githubusercontent.com/PokeAPI/sprites/master/sprites/pokemon/31.png,https://raw.githubusercontent.com/PokeAPI/sprites/master/sprites/pokemon/shiny/31.png,https://raw.githubusercontent.com/PokeAPI/sprites/master/sprites/pokemon/other/official-artwork/31.png,blue,generation-i,grassland,upright,0,0,45,70,medium-slow,no-eggs,nidoran-f -> nidorina -> nidoqueen,
32,nidoran-m,55,5,90,60,poison,,46,57,40,40,40,50,poison-point,rivalry,hustle,cut,double-kick,headbutt,horn-attack,fury-attack,https://raw.githubusercontent.com/PokeAPI/sprites/master/sprites/pokemon/32.png,https://raw.githubusercontent.com/PokeAPI/sprites/master/sprites/pokemon/shiny/32.png,https://raw.githubusercontent.com/PokeAPI/sprites/master/sprites/pokemon/other/official-artwork/32.png,purple,generation-i,grassland,quadruped,0,0,235,70,medium-slow,"monster, ground",nidoran-m -> nidorino -> nidoking,"johto-route-35-area, johto-route-36-area, kanto-route-10-area, kanto-route-2-south-towards-viridian-city, kanto-route-22-area, kanto-route-3-area, kanto-route-9-area, kanto-safari-zone-area-1-east, kanto-safari-zone-area-2-north, kanto-safari-zone-area-3-west"
33,nidorino,128,9,195,61,poison,,61,72,57,55,55,65,poison-point,rivalry,hustle,cut,double-kick,headbutt,horn-attack,fury-attack,https://raw.githubusercontent.com/PokeAPI/sprites/master/sprites/pokemon/33.png,https://raw.githubusercontent.com/PokeAPI/sprites/master/sprites/pokemon/shiny/33.png,https://raw.githubusercontent.com/PokeAPI/sprites/master/sprites/pokemon/other/official-artwork/33.png,purple,generation-i,grassland,quadruped,0,0,120,70,medium-slow,"monster, ground",nidoran-m -> nidorino -> nidoking,"johto-safari-zone-zone-savannah, kalos-route-11-area, kanto-route-13-area, kanto-route-14-area, kanto-route-15-area, kanto-route-23-area, kanto-route-9-area, kanto-safari-zone-area-1-east, kanto-safari-zone-area-2-north, kanto-safari-zone-area-3-west"
34,nidoking,227,14,620,62,poison,ground,81,102,77,85,75,85,poison-point,rivalry,sheer-force,mega-punch,pay-day,fire-punch,ice-punch,thunder-punch,https://raw.githubusercontent.com/PokeAPI/sprites/master/sprites/pokemon/34.png,https://raw.githubusercontent.com/PokeAPI/sprites/master/sprites/pokemon/shiny/34.png,https://raw.githubusercontent.com/PokeAPI/sprites/master/sprites/pokemon/other/official-artwork/34.png,purple,generation-i,grassland,upright,0,0,45,70,medium-slow,"monster, ground",nidoran-m -> nidorino -> nidoking,
35,clefairy,113,6,75,64,fairy,,70,45,48,60,65,35,cute-charm,magic-guard,friend-guard,pound,double-slap,mega-punch,fire-punch,ice-punch,https://raw.githubusercontent.com/PokeAPI/sprites/master/sprites/pokemon/35.png,https://raw.githubusercontent.com/PokeAPI/sprites/master/sprites/pokemon/shiny/35.png,https://raw.githubusercontent.com/PokeAPI/sprites/master/sprites/pokemon/other/official-artwork/35.png,pink,generation-i,mountain,upright,0,0,150,140,fast,fairy,cleffa -> clefairy -> clefable,"giant-chasm-area, giant-chasm-forest, giant-chasm-forest-cave, giant-chasm-outside, johto-safari-zone-zone-meadow, kanto-route-3-area, kanto-route-4-area, mount-hokulani-east, mount-hokulani-main, mount-hokulani-west"
36,clefable,217,13,400,65,fairy,,95,70,73,95,90,60,cute-charm,magic-guard,unaware,pound,double-slap,mega-punch,fire-punch,ice-punch,https://raw.githubusercontent.com/PokeAPI/sprites/master/sprites/pokemon/36.png,https://raw.githubusercontent.com/PokeAPI/sprites/master/sprites/pokemon/shiny/36.png,https://raw.githubusercontent.com/PokeAPI/sprites/master/sprites/pokemon/other/official-artwork/36.png,pink,generation-i,mountain,upright,0,0,25,140,fast,fairy,cleffa -> clefairy -> clefable,"giant-chasm-forest, giant-chasm-forest-cave, giant-chasm-outside"
37,vulpix,60,6,99,66,fire,,38,41,40,50,65,65,flash-fire,,drought,headbutt,tackle,body-slam,take-down,double-edge,https://raw.githubusercontent.com/PokeAPI/sprites/master/sprites/pokemon/37.png,https://raw.githubusercontent.com/PokeAPI/sprites/master/sprites/pokemon/shiny/37.png,https://raw.githubusercontent.com/PokeAPI/sprites/master/sprites/pokemon/other/official-artwork/37.png,brown,generation-i,grassland,quadruped,0,0,190,70,medium,ground,vulpix -> ninetales,"abundant-shrine-area, johto-route-36-area, johto-route-37-area, johto-route-48-area, kanto-route-7-area, kanto-route-8-area, mt-pyre-outside, pokemon-mansion-1f, pokemon-mansion-2f, pokemon-mansion-3f"
38,ninetales,177,11,199,68,fire,,73,76,75,81,100,100,flash-fire,,drought,headbutt,tackle,body-slam,take-down,double-edge,https://raw.githubusercontent.com/PokeAPI/sprites/master/sprites/pokemon/38.png,https://raw.githubusercontent.com/PokeAPI/sprites/master/sprites/pokemon/shiny/38.png,https://raw.githubusercontent.com/PokeAPI/sprites/master/sprites/pokemon/other/official-artwork/38.png,yellow,generation-i,grassland,quadruped,0,0,75,70,medium,ground,vulpix -> ninetales,abundant-shrine-area
39,jigglypuff,95,5,55,71,normal,fairy,115,45,20,45,25,20,cute-charm,competitive,friend-guard,pound,double-slap,mega-punch,fire-punch,ice-punch,https://raw.githubusercontent.com/PokeAPI/sprites/master/sprites/pokemon/39.png,https://raw.githubusercontent.com/PokeAPI/sprites/master/sprites/pokemon/shiny/39.png,https://raw.githubusercontent.com/PokeAPI/sprites/master/sprites/pokemon/other/official-artwork/39.png,pink,generation-i,grassland,humanoid,0,0,170,70,fast,fairy,igglybuff -> jigglypuff -> wigglytuff,"alola-route-4-area, alola-route-6-north, alola-route-6-south, dreamyard-area, dreamyard-b1f, hoenn-route-115-area, johto-route-34-area, johto-route-35-area, johto-route-46-area, johto-safari-zone-zone-meadow"
40,wigglytuff,196,10,120,72,normal,fairy,140,70,45,85,50,45,cute-charm,competitive,frisk,pound,double-slap,mega-punch,fire-punch,ice-punch,https://raw.githubusercontent.com/PokeAPI/sprites/master/sprites/pokemon/40.png,https://raw.githubusercontent.com/PokeAPI/sprites/master/sprites/pokemon/shiny/40.png,https://raw.githubusercontent.com/PokeAPI/sprites/master/sprites/pokemon/other/official-artwork/40.png,pink,generation-i,grassland,humanoid,0,0,50,70,fast,fairy,igglybuff -> jigglypuff -> wigglytuff,"cerulean-cave-2f, dreamyard-area, unova-route-1-area, unova-route-14-area, unova-route-2-area"
41,zubat,49,8,75,73,poison,flying,40,45,35,30,40,55,inner-focus,,infiltrator,razor-wind,gust,wing-attack,whirlwind,fly,https://raw.githubusercontent.com/PokeAPI/sprites/master/sprites/pokemon/41.png,https://raw.githubusercontent.com/PokeAPI/sprites/master/sprites/pokemon/shiny/41.png,https://raw.githubusercontent.com/PokeAPI/sprites/master/sprites/pokemon/other/official-artwork/41.png,purple,generation-i,cave,wings,0,0,255,70,medium,flying,zubat -> golbat -> crobat,"acuity-lakefront-area, burned-tower-1f, burned-tower-b1f, castelia-sewers-area, castelia-sewers-unknown-area-38, cave-of-origin-1f, cave-of-origin-b1f, cave-of-origin-b2f, cave-of-origin-b3f, cave-of-origin-entrance"
42,golbat,159,16,550,74,poison,flying,75,80,70,65,75,90,inner-focus,,infiltrator,razor-wind,gust,wing-attack,whirlwind,fly,https://raw.githubusercontent.com/PokeAPI/sprites/master/sprites/pokemon/42.png,https://raw.githubusercontent.com/PokeAPI/sprites/master/sprites/pokemon/shiny/42.png,https://raw.githubusercontent.com/PokeAPI/sprites/master/sprites/pokemon/other/official-artwork/42.png,purple,generation-i,cave,wings,0,0,90,70,medium,flying,zubat -> golbat -> crobat,"cave-of-origin-1f, cave-of-origin-b1f, cave-of-origin-b2f, cave-of-origin-b3f, cave-of-origin-entrance, celestial-tower-3f, celestial-tower-4f, celestial-tower-5f, cerulean-cave-1f, cerulean-cave-2f"
43,oddish,64,5,54,76,grass,poison,45,50,55,75,65,30,chlorophyll,,run-away,swords-dance,cut,headbutt,take-down,double-edge,https://raw.githubusercontent.com/PokeAPI/sprites/master/sprites/pokemon/43.png,https://raw.githubusercontent.com/PokeAPI/sprites/master/sprites/pokemon/shiny/43.png,https://raw.githubusercontent.com/PokeAPI/sprites/master/sprites/pokemon/other/official-artwork/43.png,blue,generation-i,grassland,legs,0,0,255,70,medium-slow,plant,oddish -> gloom -> vileplume -> bellossom,"berry-forest-area, bond-bridge-area, cape-brink-area, hoenn-route-110-area, hoenn-route-117-area, hoenn-route-119-area, hoenn-route-120-area, hoenn-route-121-area, hoenn-route-123-area, hoenn-safari-zone-neacro-bike-area"
44,gloom,138,8,86,77,grass,poison,60,65,70,85,75,40,chlorophyll,,stench,swords-dance,cut,headbutt,take-down,double-edge,https://raw.githubusercontent.com/PokeAPI/sprites/master/sprites/pokemon/44.png,https://raw.githubusercontent.com/PokeAPI/sprites/master/sprites/pokemon/shiny/44.png,https://raw.githubusercontent.com/PokeAPI/sprites/master/sprites/pokemon/other/official-artwork/44.png,blue,generation-i,grassland,humanoid,0,0,120,70,medium-slow,plant,oddish -> gloom -> vileplume -> bellossom,"berry-forest-area, bond-bridge-area, cape-brink-area, cerulean-cave-1f, cerulean-cave-2f, hoenn-route-121-area, hoenn-route-123-area, hoenn-safari-zone-neacro-bike-area, hoenn-safari-zone-nwmach-bike-area, hoenn-safari-zone-se"
45,vileplume,221,12,186,78,grass,poison,75,80,85,110,90,50,chlorophyll,,effect-spore,swords-dance,cut,headbutt,body-slam,take-down,https://raw.githubusercontent.com/PokeAPI/sprites/master/sprites/pokemon/45.png,https://raw.githubusercontent.com/PokeAPI/sprites/master/sprites/pokemon/shiny/45.png,https://raw.githubusercontent.com/PokeAPI/sprites/master/sprites/pokemon/other/official-artwork/45.png,red,generation-i,grassland,humanoid,0,0,45,70,medium-slow,plant,oddish -> gloom -> vileplume -> bellossom,
46,paras,57,3,54,80,bug,grass,35,70,55,45,55,25,effect-spore,dry-skin,damp,scratch,swords-dance,cut,headbutt,body-slam,https://raw.githubusercontent.com/PokeAPI/sprites/master/sprites/pokemon/46.png,https://raw.githubusercontent.com/PokeAPI/sprites/master/sprites/pokemon/shiny/46.png,https://raw.githubusercontent.com/PokeAPI/sprites/master/sprites/pokemon/other/official-artwork/46.png,red,generation-i,forest,armor,0,0,190,70,medium,"bug, plant",paras -> parasect,"alola-route-11-area, brooklet-hill-north, brooklet-hill-south, ilex-forest-area, johto-safari-zone-zone-swamp, kanto-safari-zone-area-1-east, kanto-safari-zone-area-2-north, kanto-safari-zone-middle, lush-jungle-north, lush-jungle-south"
47,parasect,142,10,295,81,bug,grass,60,95,80,60,80,30,effect-spore,dry-skin,damp,scratch,swords-dance,cut,headbutt,body-slam,https://raw.githubusercontent.com/PokeAPI/sprites/master/sprites/pokemon/47.png,https://raw.githubusercontent.com/PokeAPI/sprites/master/sprites/pokemon/shiny/47.png,https://raw.githubusercontent.com/PokeAPI/sprites/master/sprites/pokemon/other/official-artwork/47.png,red,generation-i,forest,armor,0,0,75,70,medium,"bug, plant",paras -> parasect,"alola-route-11-area, cerulean-cave-1f, cerulean-cave-2f, cerulean-cave-b1f, kanto-safari-zone-area-1-east, kanto-safari-zone-middle, mt-silver-2f"
48,venonat,61,10,300,82,bug,poison,60,55,50,40,55,45,compound-eyes,tinted-lens,run-away,headbutt,tackle,take-down,double-edge,supersonic,https://raw.githubusercontent.com/PokeAPI/sprites/master/sprites/pokemon/48.png,https://raw.githubusercontent.com/PokeAPI/sprites/master/sprites/pokemon/shiny/48.png,https://raw.githubusercontent.com/PokeAPI/sprites/master/sprites/pokemon/other/official-artwork/48.png,purple,generation-i,forest,humanoid,0,0,190,70,medium,bug,venonat -> venomoth,"berry-forest-area, bond-bridge-area, ilex-forest-area, johto-route-43-area, kanto-route-10-area, kanto-route-12-area, kanto-route-13-area, kanto-route-14-area, kanto-route-15-area, kanto-route-24-area"
49,venomoth,158,15,125,83,bug,poison,70,65,60,90,75,90,shield-dust,tinted-lens,wonder-skin,razor-wind,gust,whirlwind,headbutt,tackle,https://raw.githubusercontent.com/PokeAPI/sprites/master/sprites/pokemon/49.png,https://raw.githubusercontent.com/PokeAPI/sprites/master/sprites/pokemon/shiny/49.png,https://raw.githubusercontent.com/PokeAPI/sprites/master/sprites/pokemon/other/official-artwork/49.png,purple,generation-i,forest,bug-wings,0,0,75,70,medium,bug,venonat -> venomoth,"berry-forest-area, cerulean-cave-1f, cerulean-cave-2f, dreamyard-area, johto-route-43-area, kanto-route-10-area, kanto-route-13-area, kanto-route-14-area, kanto-route-15-area, kanto-route-24-area"
50,diglett,53,2,8,84,ground,,10,55,25,35,45,95,sand-veil,arena-trap,sand-force,scratch,swords-dance,cut,sand-attack,headbutt,https://raw.githubusercontent.com/PokeAPI/sprites/master/sprites/pokemon/50.png,https://raw.githubusercontent.com/PokeAPI/sprites/master/sprites/pokemon/shiny/50.png,https://raw.githubusercontent.com/PokeAPI/sprites/master/sprites/pokemon/other/official-artwork/50.png,brown,generation-i,cave,blob,0,0,255,70,medium,ground,diglett -> dugtrio,"digletts-cave-area, johto-route-48-area, sinnoh-route-228-area, vermilion-city-area"
51,dugtrio,149,7,333,86,ground,,35,100,50,50,70,120,sand-veil,arena-trap,sand-force,scratch,swords-dance,cut,sand-attack,headbutt,https://raw.githubusercontent.com/PokeAPI/sprites/master/sprites/pokemon/51.png,https://raw.githubusercontent.com/PokeAPI/sprites/master/sprites/pokemon/shiny/51.png,https://raw.githubusercontent.com/PokeAPI/sprites/master/sprites/pokemon/other/official-artwork/51.png,brown,generation-i,cave,heads,0,0,50,70,medium,ground,diglett -> dugtrio,"digletts-cave-area, kalos-route-13-area, lush-jungle-east-cave, sinnoh-route-228-area"
52,meowth,58,4,42,88,normal,,40,45,35,40,40,90,pickup,technician,unnerve,pay-day,scratch,cut,headbutt,body-slam,https://raw.githubusercontent.com/PokeAPI/sprites/master/sprites/pokemon/52.png,https://raw.githubusercontent.com/PokeAPI/sprites/master/sprites/pokemon/shiny/52.png,https://raw.githubusercontent.com/PokeAPI/sprites/master/sprites/pokemon/other/official-artwork/52.png,yellow,generation-i,urban,quadruped,0,0,255,70,medium,ground,meowth -> persian -> perrserker,"bond-bridge-area, canyon-entrance-area, cape-brink-area, five-isle-meadow-area, johto-route-35-area, johto-route-38-area, johto-route-39-area, kanto-route-11-area, kanto-route-5-area, kanto-route-6-area"
53,persian,154,10,320,91,normal,,65,70,60,65,65,115,limber,technician,unnerve,pay-day,scratch,cut,headbutt,body-slam,https://raw.githubusercontent.com/PokeAPI/sprites/master/sprites/pokemon/53.png,https://raw.githubusercontent.com/PokeAPI/sprites/master/sprites/pokemon/shiny/53.png,https://raw.githubusercontent.com/PokeAPI/sprites/master/sprites/pokemon/other/official-artwork/53.png,yellow,generation-i,urban,quadruped,0,0,90,70,medium,ground,meowth -> persian -> perrserker,"bond-bridge-area, canyon-entrance-area, cape-brink-area, cerulean-cave-1f, five-isle-meadow-area, kanto-route-7-area, kindle-road-area, ruin-valley-area, sevault-canyon-area, treasure-beach-area"
54,psyduck,64,8,196,93,water,,50,52,48,65,50,55,damp,cloud-nine,swift-swim,mega-punch,pay-day,ice-punch,scratch,mega-kick,https://raw.githubusercontent.com/PokeAPI/sprites/master/sprites/pokemon/54.png,https://raw.githubusercontent.com/PokeAPI/sprites/master/sprites/pokemon/shiny/54.png,https://raw.githubusercontent.com/PokeAPI/sprites/master/sprites/pokemon/other/official-artwork/54.png,yellow,generation-i,waters-edge,upright,0,0,190,70,medium,"water1, ground",psyduck -> golduck,"berry-forest-area, bond-bridge-area, brooklet-hill-north, brooklet-hill-south, canyon-entrance-area, cape-brink-area, celadon-city-area, celestic-town-area, cerulean-cave-1f, cerulean-cave-2f"
55,golduck,175,17,766,94,water,,80,82,78,95,80,85,damp,cloud-nine,swift-swim,mega-punch,pay-day,ice-punch,scratch,mega-kick,https://raw.githubusercontent.com/PokeAPI/sprites/master/sprites/pokemon/55.png,https://raw.githubusercontent.com/PokeAPI/sprites/master/sprites/pokemon/shiny/55.png,https://raw.githubusercontent.com/PokeAPI/sprites/master/sprites/pokemon/other/official-artwork/55.png,blue,generation-i,waters-edge,upright,0,0,75,70,medium,"water1, ground",psyduck -> golduck,"abundant-shrine-area, berry-forest-area, cape-brink-area, celestic-town-area, cerulean-cave-1f, cerulean-cave-2f, cerulean-cave-b1f, eterna-city-area, hoenn-safari-zone-nwmach-bike-area, ilex-forest-area"
56,mankey,61,5,280,95,fighting,,40,80,35,35,45,70,vital-spirit,anger-point,defiant,karate-chop,mega-punch,pay-day,fire-punch,ice-punch,https://raw.githubusercontent.com/PokeAPI/sprites/master/sprites/pokemon/56.png,https://raw.githubusercontent.com/PokeAPI/sprites/master/sprites/pokemon/shiny/56.png,https://raw.githubusercontent.com/PokeAPI/sprites/master/sprites/pokemon/other/official-artwork/56.png,brown,generation-i,mountain,upright,0,0,190,70,medium,ground,mankey -> primeape -> annihilape,"alola-route-3-north, alola-route-3-south, johto-route-42-area, kanto-route-22-area, kanto-route-23-area, kanto-route-3-area, kanto-route-4-area, kanto-route-5-area, kanto-route-6-area, kanto-route-7-area"
57,primeape,159,10,320,96,fighting,,65,105,60,60,70,95,vital-spirit,anger-point,defiant,karate-chop,mega-punch,pay-day,fire-punch,ice-punch,https://raw.githubusercontent.com/PokeAPI/sprites/master/sprites/pokemon/57.png,https://raw.githubusercontent.com/PokeAPI/sprites/master/sprites/pokemon/shiny/57.png,https://raw.githubusercontent.com/PokeAPI/sprites/master/sprites/pokemon/other/official-artwork/57.png,brown,generation-i,mountain,upright,0,0,75,70,medium,ground,mankey -> primeape -> annihilape,"cerulean-cave-1f, kanto-route-23-area, kanto-route-9-area, kanto-victory-road-2-2f, poni-plains-west, sinnoh-route-225-area, sinnoh-sea-route-226-area"
58,growlithe,70,7,190,97,fire,,55,70,45,70,50,60,intimidate,flash-fire,justified,double-kick,headbutt,body-slam,take-down,thrash,https://raw.githubusercontent.com/PokeAPI/sprites/master/sprites/pokemon/58.png,https://raw.githubusercontent.com/PokeAPI/sprites/master/sprites/pokemon/shiny/58.png,https://raw.githubusercontent.com/PokeAPI/sprites/master/sprites/pokemon/other/official-artwork/58.png,brown,generation-i,grassland,quadruped,0,0,190,70,slow,ground,growlithe -> arcanine,"alola-route-2-north, johto-route-35-area, johto-route-36-area, johto-route-37-area, johto-route-48-area, kanto-route-7-area, kanto-route-8-area, pokemon-mansion-1f, pokemon-mansion-2f, pokemon-mansion-3f"
59,arcanine,194,19,1550,98,fire,,90,110,80,100,80,95,intimidate,flash-fire,justified,headbutt,body-slam,take-down,double-edge,leer,https://raw.githubusercontent.com/PokeAPI/sprites/master/sprites/pokemon/59.png,https://raw.githubusercontent.com/PokeAPI/sprites/master/sprites/pokemon/shiny/59.png,https://raw.githubusercontent.com/PokeAPI/sprites/master/sprites/pokemon/other/official-artwork/59.png,brown,generation-i,grassland,quadruped,0,0,75,70,slow,ground,growlithe -> arcanine,
60,poliwag,60,6,124,99,water,,40,50,40,40,40,90,water-absorb,damp,swift-swim,pound,double-slap,headbutt,body-slam,take-down,https://raw.githubusercontent.com/PokeAPI/sprites/master/sprites/pokemon/60.png,https://raw.githubusercontent.com/PokeAPI/sprites/master/sprites/pokemon/shiny/60.png,https://raw.githubusercontent.com/PokeAPI/sprites/master/sprites/pokemon/other/official-artwork/60.png,blue,generation-i,waters-edge,legs,0,0,255,70,medium-slow,water1,poliwag -> poliwhirl -> poliwrath -> politoed,"berry-forest-area, blackthorn-city-area, brooklet-hill-north, brooklet-hill-south, cape-brink-area, celadon-city-area, cerulean-cave-1f, cerulean-cave-2f, cerulean-cave-b1f, cerulean-city-area"
61,poliwhirl,135,10,200,100,water,,65,65,65,50,50,90,water-absorb,damp,swift-swim,pound,double-slap,mega-punch,ice-punch,mega-kick,https://raw.githubusercontent.com/PokeAPI/sprites/master/sprites/pokemon/61.png,https://raw.githubusercontent.com/PokeAPI/sprites/master/sprites/pokemon/shiny/61.png,https://raw.githubusercontent.com/PokeAPI/sprites/master/sprites/pokemon/other/official-artwork/61.png,blue,generation-i,waters-edge,humanoid,0,0,120,70,medium-slow,water1,poliwag -> poliwhirl -> poliwrath -> politoed,"cape-brink-area, celadon-city-area, cerulean-cave-1f, cerulean-cave-2f, cerulean-cave-b1f, challengers-cave-b2f, clay-tunnel-area, couriway-town-area, ecruteak-city-area, floccesy-ranch-inner"
62,poliwrath,230,13,540,101,water,fighting,90,95,95,70,90,70,water-absorb,damp,swift-swim,pound,double-slap,mega-punch,ice-punch,mega-kick,https://raw.githubusercontent.com/PokeAPI/sprites/master/sprites/pokemon/62.png,https://raw.githubusercontent.com/PokeAPI/sprites/master/sprites/pokemon/shiny/62.png,https://raw.githubusercontent.com/PokeAPI/sprites/master/sprites/pokemon/other/official-artwork/62.png,blue,generation-i,waters-edge,humanoid,0,0,45,70,medium-slow,water1,poliwag -> poliwhirl -> poliwrath -> politoed,"challengers-cave-b2f, clay-tunnel-area, giant-chasm-area, giant-chasm-forest-cave, kalos-victory-road-unknown-area-328, malie-garden-area, relic-passage-relic-castle-entrance, unova-route-23-area, unova-victory-road-1f-unknown-room, unova-victory-road-2-unknown-area-71"
63,abra,62,9,195,103,psychic,,25,20,15,105,55,90,synchronize,inner-focus,magic-guard,mega-punch,fire-punch,ice-punch,thunder-punch,mega-kick,https://raw.githubusercontent.com/PokeAPI/sprites/master/sprites/pokemon/63.png,https://raw.githubusercontent.com/PokeAPI/sprites/master/sprites/pokemon/shiny/63.png,https://raw.githubusercontent.com/PokeAPI/sprites/master/sprites/pokemon/other/official-artwork/63.png,brown,generation-i,urban,upright,0,0,200,70,medium-slow,humanshape,abra -> kadabra -> alakazam,"alola-route-2-south, granite-cave-1f, granite-cave-1fsmall-room, granite-cave-b1f, granite-cave-b2f, hauoli-city-shopping-district, hoenn-route-116-area, johto-route-34-area, johto-route-35-area, johto-safari-zone-zone-plains"
64,kadabra,140,13,565,104,psychic,,40,35,30,120,70,105,synchronize,inner-focus,magic-guard,mega-punch,fire-punch,ice-punch,thunder-punch,mega-kick,https://raw.githubusercontent.com/PokeAPI/sprites/master/sprites/pokemon/64.png,https://raw.githubusercontent.com/PokeAPI/sprites/master/sprites/pokemon/shiny/64.png,https://raw.githubusercontent.com/PokeAPI/sprites/master/sprites/pokemon/other/official-artwork/64.png,brown,generation-i,urban,upright,0,0,100,70,medium-slow,humanshape,abra -> kadabra -> alakazam,"cerulean-cave-1f, cerulean-cave-2f, cerulean-cave-b1f, kanto-route-8-area, poke-pelago-elite-four-defeated, poke-pelago-poni-island-reached, poke-pelago-ulaula-island-reached, sinnoh-route-215-area, sinnoh-victory-road-2f"
65,alakazam,225,15,480,105,psychic,,55,50,45,135,95,120,synchronize,inner-focus,magic-guard,mega-punch,fire-punch,ice-punch,thunder-punch,mega-kick,https://raw.githubusercontent.com/PokeAPI/sprites/master/sprites/pokemon/65.png,https://raw.githubusercontent.com/PokeAPI/sprites/master/sprites/pokemon/shiny/65.png,https://raw.githubusercontent.com/PokeAPI/sprites/master/sprites/pokemon/other/official-artwork/65.png,brown,generation-i,urban,humanoid,0,0,50,70,medium-slow,humanshape,abra -> kadabra -> alakazam,
66,machop,61,8,195,107,fighting,,70,80,50,35,35,35,guts,no-guard,steadfast,karate-chop,mega-punch,fire-punch,ice-punch,thunder-punch,https://raw.githubusercontent.com/PokeAPI/sprites/master/sprites/pokemon/66.png,https://raw.githubusercontent.com/PokeAPI/sprites/master/sprites/pokemon/shiny/66.png,https://raw.githubusercontent.com/PokeAPI/sprites/master/sprites/pokemon/other/official-artwork/66.png,gray,generation-i,mountain,upright,0,0,180,70,medium-slow,humanshape,machop -> machoke -> machamp,"alola-route-2-main, fiery-path-area, glittering-cave-unknown-area-303, hoenn-route-112-area, jagged-pass-area, johto-route-47-inside-cave, johto-safari-zone-zone-wasteland, kanto-route-10-area, kanto-victory-road-2-1f, kanto-victory-road-2-2f"
67,machoke,142,15,705,108,fighting,,80,100,70,50,60,45,guts,no-guard,steadfast,karate-chop,mega-punch,fire-punch,ice-punch,thunder-punch,https://raw.githubusercontent.com/PokeAPI/sprites/master/sprites/pokemon/67.png,https://raw.githubusercontent.com/PokeAPI/sprites/master/sprites/pokemon/shiny/67.png,https://raw.githubusercontent.com/PokeAPI/sprites/master/sprites/pokemon/other/official-artwork/67.png,gray,generation-i,mountain,humanoid,0,0,90,70,medium-slow,humanshape,machop -> machoke -> machamp,"acuity-lakefront-area, cerulean-cave-1f, cerulean-cave-2f, cerulean-cave-b1f, johto-route-47-inside-cave, johto-safari-zone-zone-wasteland, kanto-victory-road-2-1f, kanto-victory-road-2-2f, kanto-victory-road-2-3f, mt-coronet-1f-from-exterior"
68,machamp,227,16,1300,109,fighting,,90,130,80,65,85,55,guts,no-guard,steadfast,karate-chop,mega-punch,fire-punch,ice-punch,thunder-punch,https://raw.githubusercontent.com/PokeAPI/sprites/master/sprites/pokemon/68.png,https://raw.githubusercontent.com/PokeAPI/sprites/master/sprites/pokemon/shiny/68.png,https://raw.githubusercontent.com/PokeAPI/sprites/master/sprites/pokemon/other/official-artwork/68.png,gray,generation-i,mountain,humanoid,0,0,45,70,medium-slow,humanshape,machop -> machoke -> machamp,
69,bellsprout,60,7,40,110,grass,poison,50,75,35,70,30,40,chlorophyll,,gluttony,swords-dance,cut,bind,slam,vine-whip,https://raw.githubusercontent.com/PokeAPI/sprites/master/sprites/pokemon/69.png,https://raw.githubusercontent.com/PokeAPI/sprites/master/sprites/pokemon/shiny/69.png,https://raw.githubusercontent.com/PokeAPI/sprites/master/sprites/pokemon/other/official-artwork/69.png,green,generation-i,forest,humanoid,0,0,255,70,medium-slow,plant,bellsprout -> weepinbell -> victreebel,"alola-route-5-area, berry-forest-area, bond-bridge-area, cape-brink-area, johto-route-31-area, johto-route-32-area, johto-route-36-area, johto-route-44-area, johto-safari-zone-zone-forest, kanto-route-12-area"
70,weepinbell,137,10,64,111,grass,poison,65,90,50,85,45,55,chlorophyll,,gluttony,swords-dance,cut,bind,slam,vine-whip,https://raw.githubusercontent.com/PokeAPI/sprites/master/sprites/pokemon/70.png,https://raw.githubusercontent.com/PokeAPI/sprites/master/sprites/pokemon/shiny/70.png,https://raw.githubusercontent.com/PokeAPI/sprites/master/sprites/pokemon/other/official-artwork/70.png,green,generation-i,forest,blob,0,0,120,70,medium-slow,plant,bellsprout -> weepinbell -> victreebel,"berry-forest-area, bond-bridge-area, cape-brink-area, cerulean-cave-1f, cerulean-cave-2f, johto-route-44-area, kalos-route-14-area, kalos-route-16-area, kalos-route-19-area, kanto-route-12-area"
71,victreebel,221,17,155,112,grass,poison,80,105,65,100,70,70,chlorophyll,,gluttony,swords-dance,cut,bind,slam,vine-whip,https://raw.githubusercontent.com/PokeAPI/sprites/master/sprites/pokemon/71.png,https://raw.githubusercontent.com/PokeAPI/sprites/master/sprites/pokemon/shiny/71.png,https://raw.githubusercontent.com/PokeAPI/sprites/master/sprites/pokemon/other/official-artwork/71.png,green,generation-i,forest,blob,0,0,45,70,medium-slow,plant,bellsprout -> weepinbell -> victreebel,
72,tentacool,67,9,455,113,water,poison,40,40,35,50,100,70,clear-body,liquid-ooze,rain-dish,swords-dance,cut,bind,headbutt,wrap,https://raw.githubusercontent.com/PokeAPI/sprites/master/sprites/pokemon/72.png,https://raw.githubusercontent.com/PokeAPI/sprites/master/sprites/pokemon/shiny/72.png,https://raw.githubusercontent.com/PokeAPI/sprites/master/sprites/pokemon/other/official-artwork/72.png,blue,generation-i,sea,tentacles,0,0,190,70,slow,water3,tentacool -> tentacruel,"abandoned-ship-area, alola-route-1-hauoli-outskirts, alola-route-14-area, alola-route-15-main, alola-route-7-area, ambrette-town-area, azure-bay-area, bond-bridge-area, brooklet-hill-totems-den, canalave-city-area"
73,tentacruel,180,16,550,114,water,poison,80,70,65,80,120,100,clear-body,liquid-ooze,rain-dish,swords-dance,cut,bind,headbutt,wrap,https://raw.githubusercontent.com/PokeAPI/sprites/master/sprites/pokemon/73.png,https://raw.githubusercontent.com/PokeAPI/sprites/master/sprites/pokemon/shiny/73.png,https://raw.githubusercontent.com/PokeAPI/sprites/master/sprites/pokemon/other/official-artwork/73.png,blue,generation-i,sea,tentacles,0,0,60,70,slow,water3,tentacool -> tentacruel,"abandoned-ship-area, alola-route-14-area, alola-route-15-main, ancient-poni-path-area, bond-bridge-area, canalave-city-area, cherrygrove-city-area, cianwood-city-area, cinnabar-island-area, five-island-area"
74,geodude,60,4,200,115,rock,ground,40,80,100,30,30,20,rock-head,sturdy,sand-veil,mega-punch,fire-punch,thunder-punch,sand-attack,headbutt,https://raw.githubusercontent.com/PokeAPI/sprites/master/sprites/pokemon/74.png,https://raw.githubusercontent.com/PokeAPI/sprites/master/sprites/pokemon/shiny/74.png,https://raw.githubusercontent.com/PokeAPI/sprites/master/sprites/pokemon/other/official-artwork/74.png,brown,generation-i,mountain,arms,0,0,255,70,medium-slow,mineral,geodude -> graveler -> golem,"cerulean-cave-1f, cerulean-cave-2f, cerulean-cave-b1f, dark-cave-blackthorn-city-entrance, dark-cave-violet-city-entrance, granite-cave-1f, granite-cave-b2f, hoenn-route-111-area, hoenn-route-114-area, hoenn-safari-zone-neacro-bike-area"
75,graveler,137,10,1050,117,rock,ground,55,95,115,45,45,35,rock-head,sturdy,sand-veil,mega-punch,fire-punch,thunder-punch,sand-attack,headbutt,https://raw.githubusercontent.com/PokeAPI/sprites/master/sprites/pokemon/75.png,https://raw.githubusercontent.com/PokeAPI/sprites/master/sprites/pokemon/shiny/75.png,https://raw.githubusercontent.com/PokeAPI/sprites/master/sprites/pokemon/other/official-artwork/75.png,brown,generation-i,mountain,humanoid,0,0,120,70,medium-slow,mineral,geodude -> graveler -> golem,"cerulean-cave-1f, cerulean-cave-2f, cerulean-cave-b1f, challengers-cave-1f, challengers-cave-b1f, challengers-cave-b2f, dark-cave-blackthorn-city-entrance, hoenn-victory-road-b1f, iron-island-1f, iron-island-b1f-left"
76,golem,223,14,3000,119,rock,ground,80,120,130,55,65,45,rock-head,sturdy,sand-veil,mega-punch,fire-punch,thunder-punch,mega-kick,sand-attack,https://raw.githubusercontent.com/PokeAPI/sprites/master/sprites/pokemon/76.png,https://raw.githubusercontent.com/PokeAPI/sprites/master/sprites/pokemon/shiny/76.png,https://raw.githubusercontent.com/PokeAPI/sprites/master/sprites/pokemon/other/official-artwork/76.png,brown,generation-i,mountain,humanoid,0,0,45,70,medium-slow,mineral,geodude -> graveler -> golem,johto-safari-zone-zone-peak
77,ponyta,82,10,300,121,fire,,50,85,55,65,65,90,run-away,flash-fire,flame-body,stomp,double-kick,headbutt,horn-drill,tackle,https://raw.githubusercontent.com/PokeAPI/sprites/master/sprites/pokemon/77.png,https://raw.githubusercontent.com/PokeAPI/sprites/master/sprites/pokemon/shiny/77.png,https://raw.githubusercontent.com/PokeAPI/sprites/master/sprites/pokemon/other/official-artwork/77.png,yellow,generation-i,grassland,quadruped,0,0,190,70,medium,ground,ponyta -> rapidash,"kanto-route-17-area, kanto-route-22-area, kanto-route-26-area, kanto-route-27-area, kanto-route-28-area, kindle-road-area, mt-ember-area, mt-silver-outside, pokemon-mansion-1f, pokemon-mansion-2f"
78,rapidash,175,17,950,123,fire,,65,100,70,80,80,105,run-away,flash-fire,flame-body,pay-day,swords-dance,stomp,double-kick,headbutt,https://raw.githubusercontent.com/PokeAPI/sprites/master/sprites/pokemon/78.png,https://raw.githubusercontent.com/PokeAPI/sprites/master/sprites/pokemon/shiny/78.png,https://raw.githubusercontent.com/PokeAPI/sprites/master/sprites/pokemon/other/official-artwork/78.png,yellow,generation-i,grassland,quadruped,0,0,60,70,medium,ground,ponyta -> rapidash,"kanto-route-28-area, kindle-road-area, mt-ember-area, mt-silver-outside, unova-route-12-area"
79,slowpoke,63,12,360,125,water,psychic,90,65,65,40,40,15,oblivious,own-tempo,regenerator,pay-day,stomp,headbutt,tackle,body-slam,https://raw.githubusercontent.com/PokeAPI/sprites/master/sprites/pokemon/79.png,https://raw.githubusercontent.com/PokeAPI/sprites/master/sprites/pokemon/shiny/79.png,https://raw.githubusercontent.com/PokeAPI/sprites/master/sprites/pokemon/other/official-artwork/79.png,pink,generation-i,waters-edge,quadruped,0,0,190,70,medium,"monster, water1",slowpoke -> slowbro -> slowking,"abundant-shrine-area, alola-route-1-hauoli-outskirts, alola-route-15-main, alola-route-16-east, alola-route-16-main, alola-route-16-west, azure-bay-area, berry-forest-area, bond-bridge-area, canyon-entrance-area"
80,slowbro,172,16,785,127,water,psychic,95,75,110,100,80,30,oblivious,own-tempo,regenerator,mega-punch,pay-day,ice-punch,stomp,mega-kick,https://raw.githubusercontent.com/PokeAPI/sprites/master/sprites/pokemon/80.png,https://raw.githubusercontent.com/PokeAPI/sprites/master/sprites/pokemon/shiny/80.png,https://raw.githubusercontent.com/PokeAPI/sprites/master/sprites/pokemon/other/official-artwork/80.png,pink,generation-i,waters-edge,upright,0,0,75,70,medium,"monster, water1",slowpoke -> slowbro -> slowking,"abundant-shrine-area, berry-forest-area, cape-brink-area, cerulean-cave-1f, cerulean-cave-b1f, cinnabar-island-area, johto-safari-zone-zone-rocky-beach, kalae-bay-area, kanto-route-12-area, kanto-route-13-area"
81,magnemite,65,3,60,132,electric,steel,25,35,70,95,55,45,magnet-pull,sturdy,analytic,headbutt,tackle,take-down,double-edge,supersonic,https://raw.githubusercontent.com/PokeAPI/sprites/master/sprites/pokemon/81.png,https://raw.githubusercontent.com/PokeAPI/sprites/master/sprites/pokemon/shiny/81.png,https://raw.githubusercontent.com/PokeAPI/sprites/master/sprites/pokemon/other/official-artwork/81.png,gray,generation-i,rough-terrain,arms,0,0,190,70,medium,mineral,magnemite -> magneton -> magnezone,"alola-route-1-hauoli-outskirts, alola-route-1-trainers-school, fuego-ironworks-area, hauoli-city-shopping-district, johto-route-38-area, johto-route-39-area, johto-safari-zone-zone-peak, johto-safari-zone-zone-wasteland, kanto-route-10-area, kanto-route-11-area"
82,magneton,163,10,600,133,electric,steel,50,60,95,120,70,70,magnet-pull,sturdy,analytic,headbutt,tackle,take-down,double-edge,supersonic,https://raw.githubusercontent.com/PokeAPI/sprites/master/sprites/pokemon/82.png,https://raw.githubusercontent.com/PokeAPI/sprites/master/sprites/pokemon/shiny/82.png,https://raw.githubusercontent.com/PokeAPI/sprites/master/sprites/pokemon/other/official-artwork/82.png,gray,generation-i,rough-terrain,heads,0,0,60,70,medium,mineral,magnemite -> magneton -> magnezone,"cerulean-cave-1f, cerulean-cave-2f, cerulean-cave-b1f, johto-safari-zone-zone-mountain, johto-safari-zone-zone-peak, lost-hotel-area, new-mauville-area, p2-laboratory-area, power-plant-area, sinnoh-route-222-area"
83,farfetchd,132,8,150,135,normal,flying,52,90,55,58,62,60,keen-eye,inner-focus,defiant,razor-wind,swords-dance,cut,gust,whirlwind,https://raw.githubusercontent.com/PokeAPI/sprites/master/sprites/pokemon/83.png,https://raw.githubusercontent.com/PokeAPI/sprites/master/sprites/pokemon/shiny/83.png,https://raw.githubusercontent.com/PokeAPI/sprites/master/sprites/pokemon/other/official-artwork/83.png,brown,generation-i,grassland,wings,0,0,45,70,medium,"flying, ground",farfetchd -> sirfetchd,"johto-route-38-area, johto-route-39-area, johto-route-43-area, johto-route-47-area, johto-route-48-area, johto-safari-zone-zone-wetland, kalos-route-22-area, kanto-route-12-area, kanto-route-13-area, sinnoh-route-221-area"
84,doduo,62,14,392,137,normal,flying,35,85,45,35,35,75,run-away,early-bird,tangled-feet,swords-dance,wing-attack,whirlwind,fly,jump-kick,https://raw.githubusercontent.com/PokeAPI/sprites/master/sprites/pokemon/84.png,https://raw.githubusercontent.com/PokeAPI/sprites/master/sprites/pokemon/shiny/84.png,https://raw.githubusercontent.com/PokeAPI/sprites/master/sprites/pokemon/other/official-artwork/84.png,brown,generation-i,grassland,legs,0,0,190,70,medium,flying,doduo -> dodrio,"hoenn-safari-zone-nwmach-bike-area, hoenn-safari-zone-se, hoenn-safari-zone-sw, johto-safari-zone-zone-rocky-beach, kalos-route-5-area, kanto-route-16-area, kanto-route-17-area, kanto-route-18-area, kanto-route-22-area, kanto-route-26-area"
85,dodrio,165,18,852,138,normal,flying,60,110,70,60,60,110,run-away,early-bird,tangled-feet,swords-dance,wing-attack,whirlwind,fly,jump-kick,https://raw.githubusercontent.com/PokeAPI/sprites/master/sprites/pokemon/85.png,https://raw.githubusercontent.com/PokeAPI/sprites/master/sprites/pokemon/shiny/85.png,https://raw.githubusercontent.com/PokeAPI/sprites/master/sprites/pokemon/other/official-artwork/85.png,brown,generation-i,grassland,legs,0,0,45,70,medium,flying,doduo -> dodrio,"cerulean-cave-1f, cerulean-cave-2f, hoenn-safari-zone-nwmach-bike-area, kanto-route-17-area, kanto-route-26-area, kanto-route-27-area, kanto-route-28-area, mt-silver-outside"
86,seel,65,11,900,139,water,,65,45,55,45,70,45,thick-fat,hydration,ice-body,pay-day,slam,headbutt,horn-drill,body-slam,https://raw.githubusercontent.com/PokeAPI/sprites/master/sprites/pokemon/86.png,https://raw.githubusercontent.com/PokeAPI/sprites/master/sprites/pokemon/shiny/86.png,https://raw.githubusercontent.com/PokeAPI/sprites/master/sprites/pokemon/other/official-artwork/86.png,white,generation-i,sea,fish,0,0,190,70,medium,"water1, ground",seel -> dewgong,"giant-chasm-area, giant-chasm-forest-cave, icefall-cave-1f, icefall-cave-b1f, icefall-cave-entrance, icefall-cave-waterfall, johto-route-47-area, poke-pelago-elite-four-defeated, poke-pelago-poni-island-reached, poke-pelago-ulaula-island-reached"
87,dewgong,166,17,1200,140,water,ice,90,70,80,70,95,70,thick-fat,hydration,ice-body,pay-day,headbutt,horn-drill,body-slam,take-down,https://raw.githubusercontent.com/PokeAPI/sprites/master/sprites/pokemon/87.png,https://raw.githubusercontent.com/PokeAPI/sprites/master/sprites/pokemon/shiny/87.png,https://raw.githubusercontent.com/PokeAPI/sprites/master/sprites/pokemon/other/official-artwork/87.png,white,generation-i,sea,fish,0,0,75,70,medium,"water1, ground",seel -> dewgong,"giant-chasm-area, giant-chasm-forest-cave, icefall-cave-entrance, icefall-cave-waterfall, seafoam-islands-b1f, seafoam-islands-b3f, seafoam-islands-b4f, seaside-cave-1f, sinnoh-sea-route-226-area, sinnoh-sea-route-230-area"
88,grimer,65,9,300,141,poison,,80,80,50,40,50,25,stench,sticky-hold,poison-touch,pound,fire-punch,ice-punch,thunder-punch,headbutt,https://raw.githubusercontent.com/PokeAPI/sprites/master/sprites/pokemon/88.png,https://raw.githubusercontent.com/PokeAPI/sprites/master/sprites/pokemon/shiny/88.png,https://raw.githubusercontent.com/PokeAPI/sprites/master/sprites/pokemon/other/official-artwork/88.png,purple,generation-i,urban,arms,0,0,190,70,medium,indeterminate,grimer -> muk,"castelia-sewers-area, castelia-sewers-unknown-area-38, celadon-city-area, fiery-path-area, johto-safari-zone-zone-marshland, kanto-route-16-area, kanto-route-17-area, kanto-route-18-area, pokemon-mansion-1f, pokemon-mansion-2f"
89,muk,175,12,300,143,poison,,105,105,75,65,100,50,stench,sticky-hold,poison-touch,pound,fire-punch,ice-punch,thunder-punch,headbutt,https://raw.githubusercontent.com/PokeAPI/sprites/master/sprites/pokemon/89.png,https://raw.githubusercontent.com/PokeAPI/sprites/master/sprites/pokemon/shiny/89.png,https://raw.githubusercontent.com/PokeAPI/sprites/master/sprites/pokemon/other/official-artwork/89.png,purple,generation-i,urban,arms,0,0,75,70,medium,indeterminate,grimer -> muk,"castelia-sewers-area, castelia-sewers-unknown-area-38, celadon-city-area, kanto-route-16-area, kanto-route-17-area, kanto-route-18-area, pokemon-mansion-1f, pokemon-mansion-2f, pokemon-mansion-3f, pokemon-mansion-b1f"
90,shellder,61,3,40,145,water,,30,65,100,45,25,40,shell-armor,skill-link,overcoat,headbutt,tackle,take-down,double-edge,twineedle,https://raw.githubusercontent.com/PokeAPI/sprites/master/sprites/pokemon/90.png,https://raw.githubusercontent.com/PokeAPI/sprites/master/sprites/pokemon/shiny/90.png,https://raw.githubusercontent.com/PokeAPI/sprites/master/sprites/pokemon/other/official-artwork/90.png,purple,generation-i,sea,ball,0,0,190,70,slow,water3,shellder -> cloyster,"cinnabar-island-area, five-island-area, fuego-ironworks-area, humilau-city-area, icefall-cave-waterfall, johto-route-47-area, johto-sea-route-41-area, kalae-bay-area, kalos-route-8-area, kanto-route-11-area"
91,cloyster,184,15,1325,146,water,ice,50,95,180,85,45,70,shell-armor,skill-link,overcoat,headbutt,tackle,body-slam,take-down,double-edge,https://raw.githubusercontent.com/PokeAPI/sprites/master/sprites/pokemon/91.png,https://raw.githubusercontent.com/PokeAPI/sprites/master/sprites/pokemon/shiny/91.png,https://raw.githubusercontent.com/PokeAPI/sprites/master/sprites/pokemon/other/official-artwork/91.png,purple,generation-i,sea,ball,0,0,60,70,slow,water3,shellder -> cloyster,"humilau-city-area, kalos-route-8-area, seaside-cave-1f, undella-bay-area, undella-town-area, unova-route-13-area"
92,gastly,62,13,1,147,ghost,poison,30,35,30,100,35,80,levitate,,,fire-punch,ice-punch,thunder-punch,headbutt,disable,https://raw.githubusercontent.com/PokeAPI/sprites/master/sprites/pokemon/92.png,https://raw.githubusercontent.com/PokeAPI/sprites/master/sprites/pokemon/shiny/92.png,https://raw.githubusercontent.com/PokeAPI/sprites/master/sprites/pokemon/other/official-artwork/92.png,purple,generation-i,cave,ball,0,0,190,70,medium-slow,indeterminate,gastly -> haunter -> gengar,"alola-route-1-trainers-school, bell-tower-10f, bell-tower-2f, bell-tower-3f, bell-tower-4f, bell-tower-5f, bell-tower-6f, bell-tower-7f, bell-tower-8f, bell-tower-9f"
93,haunter,142,16,1,148,ghost,poison,45,50,45,115,55,95,levitate,,,fire-punch,ice-punch,thunder-punch,headbutt,mega-drain,https://raw.githubusercontent.com/PokeAPI/sprites/master/sprites/pokemon/93.png,https://raw.githubusercontent.com/PokeAPI/sprites/master/sprites/pokemon/shiny/93.png,https://raw.githubusercontent.com/PokeAPI/sprites/master/sprites/pokemon/other/official-artwork/93.png,purple,generation-i,cave,arms,0,0,90,70,medium-slow,indeterminate,gastly -> haunter -> gengar,"frost-cavern-unknown-area-314, frost-cavern-unknown-area-315, frost-cavern-unknown-area-316, frost-cavern-unknown-area-317, johto-safari-zone-zone-forest, kalos-route-14-area, kalos-route-19-area, kalos-victory-road-unknown-area-322, kalos-victory-road-unknown-area-324, kalos-victory-road-unknown-area-326"
94,gengar,225,15,405,149,ghost,poison,60,65,60,130,75,110,cursed-body,,,mega-punch,fire-punch,ice-punch,thunder-punch,mega-kick,https://raw.githubusercontent.com/PokeAPI/sprites/master/sprites/pokemon/94.png,https://raw.githubusercontent.com/PokeAPI/sprites/master/sprites/pokemon/shiny/94.png,https://raw.githubusercontent.com/PokeAPI/sprites/master/sprites/pokemon/other/official-artwork/94.png,purple,generation-i,cave,upright,0,0,45,70,medium-slow,indeterminate,gastly -> haunter -> gengar,"old-chateau-2f-right-room, thrifty-megamart-abandoned-site"
95,onix,77,88,2100,151,rock,ground,35,45,160,30,45,70,rock-head,sturdy,weak-armor,bind,slam,headbutt,tackle,body-slam,https://raw.githubusercontent.com/PokeAPI/sprites/master/sprites/pokemon/95.png,https://raw.githubusercontent.com/PokeAPI/sprites/master/sprites/pokemon/shiny/95.png,https://raw.githubusercontent.com/PokeAPI/sprites/master/sprites/pokemon/other/official-artwork/95.png,gray,generation-i,cave,squiggle,0,0,45,70,medium,mineral,onix -> steelix,"clay-tunnel-area, cyllage-city-area, glacier-room-area, glittering-cave-unknown-area-303, glittering-cave-unknown-area-304, iron-island-1f, iron-island-b1f-left, iron-island-b1f-right, iron-island-b2f-left, iron-island-b2f-right"
96,drowzee,66,10,324,154,psychic,,60,48,45,43,90,42,insomnia,forewarn,inner-focus,pound,mega-punch,fire-punch,ice-punch,thunder-punch,https://raw.githubusercontent.com/PokeAPI/sprites/master/sprites/pokemon/96.png,https://raw.githubusercontent.com/PokeAPI/sprites/master/sprites/pokemon/shiny/96.png,https://raw.githubusercontent.com/PokeAPI/sprites/master/sprites/pokemon/other/official-artwork/96.png,yellow,generation-i,grassland,humanoid,0,0,190,70,medium,humanshape,drowzee -> hypno,"alola-route-2-north, alola-route-2-south, berry-forest-area, johto-route-34-area, johto-route-35-area, johto-safari-zone-zone-swamp, kanto-route-11-area, kanto-route-6-area, sinnoh-route-215-area"
97,hypno,169,16,756,155,psychic,,85,73,70,73,115,67,insomnia,forewarn,inner-focus,pound,mega-punch,fire-punch,ice-punch,thunder-punch,https://raw.githubusercontent.com/PokeAPI/sprites/master/sprites/pokemon/97.png,https://raw.githubusercontent.com/PokeAPI/sprites/master/sprites/pokemon/shiny/97.png,https://raw.githubusercontent.com/PokeAPI/sprites/master/sprites/pokemon/other/official-artwork/97.png,yellow,generation-i,grassland,humanoid,0,0,75,70,medium,humanshape,drowzee -> hypno,"berry-forest-area, cerulean-cave-1f, hauoli-city-main, hauoli-city-shopping-district, johto-safari-zone-zone-swamp, kanto-route-11-area, poni-plains-north"
98,krabby,65,4,65,156,water,,30,105,90,25,25,50,hyper-cutter,shell-armor,sheer-force,vice-grip,guillotine,swords-dance,cut,slam,https://raw.githubusercontent.com/PokeAPI/sprites/master/sprites/pokemon/98.png,https://raw.githubusercontent.com/PokeAPI/sprites/master/sprites/pokemon/shiny/98.png,https://raw.githubusercontent.com/PokeAPI/sprites/master/sprites/pokemon/other/official-artwork/98.png,red,generation-i,waters-edge,armor,0,0,225,70,medium,water3,krabby -> kingler,"bond-bridge-area, cerulean-city-area, cherrygrove-city-area, cianwood-city-area, cinnabar-island-area, dark-cave-violet-city-entrance, driftveil-city-area, five-island-area, five-isle-meadow-area, fuchsia-city-area"
99,kingler,166,13,600,157,water,,55,130,115,50,50,75,hyper-cutter,shell-armor,sheer-force,vice-grip,guillotine,swords-dance,cut,slam,https://raw.githubusercontent.com/PokeAPI/sprites/master/sprites/pokemon/99.png,https://raw.githubusercontent.com/PokeAPI/sprites/master/sprites/pokemon/shiny/99.png,https://raw.githubusercontent.com/PokeAPI/sprites/master/sprites/pokemon/other/official-artwork/99.png,red,generation-i,waters-edge,armor,0,0,60,70,medium,water3,krabby -> kingler,"bond-bridge-area, cerulean-cave-1f, cerulean-cave-b1f, cherrygrove-city-area, cianwood-city-area, driftveil-city-area, five-island-area, five-isle-meadow-area, green-path-area, icefall-cave-waterfall"
100,voltorb,66,5,104,158,electric,,40,30,50,55,55,100,soundproof,static,aftermath,headbutt,tackle,take-down,double-edge,sonic-boom,https://raw.githubusercontent.com/PokeAPI/sprites/master/sprites/pokemon/100.png,https://raw.githubusercontent.com/PokeAPI/sprites/master/sprites/pokemon/shiny/100.png,https://raw.githubusercontent.com/PokeAPI/sprites/master/sprites/pokemon/other/official-artwork/100.png,red,generation-i,urban,ball,0,0,190,70,medium,mineral,voltorb -> electrode,"kanto-route-10-area, new-mauville-area, new-mauville-entrance, power-plant-area, sinnoh-route-218-area, team-rocket-hq-area"
